{"data":{"Coin Pouch - Large":{"f":{"cflags":17,"chance":100.0,"cr":{"max":0,"min":501},"flags":336,"item":{"id":15,"plugin":"Skyrim.esm"},"mgrp":{"data":{"flags":0},"version":1},"model":{"id":882956,"plugin":"Skyrim.esm"},"node":{"flags":0,"name":"NPC Pelvis [Pelv]"},"xfrm":{"pos":[12.649999618530273,13.049999237060547,-9.6499996185302734],"rot":[-0.27925267815589905,0.0,0.37088239192962646],"scale":1.090999960899353}},"m":{"cflags":17,"chance":100.0,"cr":{"max":0,"min":501},"flags":336,"item":{"id":15,"plugin":"Skyrim.esm"},"mgrp":{"data":{"flags":0},"version":1},"model":{"id":882956,"plugin":"Skyrim.esm"},"node":{"flags":0,"name":"NPC Pelvis [Pelv]"},"xfrm":{"pos":[12.649999618530273,13.049999237060547,-9.6499996185302734],"rot":[-0.27925267815589905,0.0,0.37088239192962646],"scale":1.090999960899353}}},"Coin Pouch - Medium":{"f":{"cflags":17,"chance":100.0,"cr":{"max":500,"min":141},"flags":336,"item":{"id":15,"plugin":"Skyrim.esm"},"mgrp":{"data":{"flags":0},"version":1},"model":{"id":882956,"plugin":"Skyrim.esm"},"node":{"flags":0,"name":"NPC Pelvis [Pelv]"},"xfrm":{"pos":[12.649999618530273,12.899999618530273,-6.6499996185302734],"rot":[-0.27925267815589905,0.0,0.37088239192962646],"scale":0.88200002908706665}},"m":{"cflags":17,"chance":100.0,"cr":{"max":500,"min":141},"flags":336,"item":{"id":15,"plugin":"Skyrim.esm"},"mgrp":{"data":{"flags":0},"version":1},"model":{"id":882956,"plugin":"Skyrim.esm"},"node":{"flags":0,"name":"NPC Pelvis [Pelv]"},"xfrm":{"pos":[12.649999618530273,12.899999618530273,-6.6499996185302734],"rot":[-0.27925267815589905,0.0,0.37088239192962646],"scale":0.88200002908706665}}},"Coin Pouch - Small":{"f":{"cflags":17,"chance":100.0,"cr":{"max":140,"min":1},"flags":336,"item":{"id":15,"plugin":"Skyrim.esm"},"mgrp":{"data":{"flags":0},"version":1},"model":{"id":882956,"plugin":"Skyrim.esm"},"node":{"flags":0,"name":"NPC Pelvis [Pelv]"},"xfrm":{"pos":[10.699999809265137,11.699999809265137,-4.5],"rot":[-0.2007128894329071,0.0,0.39269909262657166],"scale":0.67500001192092896}},"m":{"cflags":17,"chance":100.0,"cr":{"max":140,"min":1},"flags":336,"item":{"id":15,"plugin":"Skyrim.esm"},"mgrp":{"data":{"flags":0},"version":1},"model":{"id":882956,"plugin":"Skyrim.esm"},"node":{"flags":0,"name":"NPC Pelvis [Pelv]"},"xfrm":{"pos":[10.699999809265137,11.699999809265137,-4.5],"rot":[-0.2007128894329071,0.0,0.39269909262657166],"scale":0.67500001192092896}}}},"id":0,"version":1}